{
	"width": 640,
	"height": 360,
	"fps": 30,
	"main": "./script/aez_bundle_main.js",
	"assets": {
		"btn": {
			"type": "image",
			"path": "files/21309bde89742909b1a2.png",
			"width": 800,
			"height": 800,
			"hint": {
				"untainted": true
			},
			"virtualPath": "image/btn.png"
		},
		"se": {
			"type": "audio",
			"path": "files/aea88cd01152840e6725",
			"systemId": "sound",
			"duration": 1014,
			"hint": {
				"extensions": [
					".m4a",
					".ogg"
				]
			},
			"virtualPath": "audio/se"
		},
		"spbtn": {
			"type": "image",
			"path": "files/32fc0fd98ef23c85238b.png",
			"width": 511,
			"height": 401,
			"hint": {
				"untainted": true
			},
			"virtualPath": "image/spbtn.png"
		},
		"se1": {
			"type": "audio",
			"path": "files/3cd5236b04594e518240",
			"systemId": "sound",
			"duration": 900,
			"hint": {
				"extensions": [
					".m4a",
					".ogg"
				]
			},
			"virtualPath": "audio/se1"
		},
		"aez_bundle_main": {
			"type": "script",
			"global": true,
			"path": "files/f086925699839f7a9594.js",
			"virtualPath": "script/aez_bundle_main.js"
		}
	},
	"environment": {
		"sandbox-runtime": "3",
		"nicolive": {
			"supportedModes": [
				"ranking"
			],
			"preferredSessionParameters": {
				"totalTimeLimit": 60
			}
		},
		"external": {
			"send": "0"
		},
		"akashic-runtime": {
			"version": "~3.9.4-2",
			"flavor": "-canvas"
		}
	},
	"exportZipInfo": {
		"version": "1.9.10",
		"option": {
			"strip": true,
			"babel": true,
			"hashFilename": true,
			"targetService": "nicolive",
			"nicolive": true
		}
	},
	"globalScripts": []
}